name;area_name;url;salary_from;salary_to;salary_cur;requirement;responsibility;employer;api
Стажер-тестировщик QA;Москва;https://hh.ru/vacancy/86626961;0;0;RUR;Интерес к процессу тестирования и обеспечению качества. Желание развиваться в данной профессиональной области. Базовое понимание основных этапов и принципов тестирования...;Участие в разработке EdTech платформы. Большое количество знаний. Ручное и Авто-тестирование.;HardQode;HH
Стажер-программист Python;Москва;https://hh.ru/vacancy/86400360;0;0;RUR;Базовые знания <highlighttext>Python</highlighttext> (>3).;Принимать участие в разработке EdTech платформы. Делал какие-то pet-проекты.;HardQode;HH
Junior разработчик Python/Django;Москва;https://hh.ru/vacancy/86396944;60000;80000;RUR;Умение писать на <highlighttext>Python</highlighttext> (>3). Знание django/drf. Умение работать с git или другой системой контроля версий. Умение написать Dockerfile...;Принимать участие в разработке EdTech платформы. Участвовать в проектировании новых возможностей наших продуктов.;HardQode;HH
Junior Программист в Технический блок;Алматы;https://hh.ru/vacancy/86680430;0;0;RUR;Высшее образование в сфере IT или телекоммуникаций. Опыт в сфере телекоммуникаций более 2-х лет. Опыт работы с PHP7...;Работа в команде Программистов и выполнение отдельных задач в рамках глобальных проектов. Команда будет заниматься разработкой систем и приложений для...;Beeline, ТМ;HH
Начинающий аналитик данных;Москва;https://hh.ru/vacancy/86559948;35000;0;RUR;Образование в профильной или смежной области. Знание <highlighttext>Python</highlighttext>. Стремления к профессиональному развитию.. Опыт работы не обязателен.;Мы помогаем брендам иметь безупречный имидж уже 9 лет. Основные компетенции агентства: репутационный менеджмент (ORM), управление поисковой выдачи (SERM), услуги...;Topface Media;HH
Data Scientist (стажер), удаленно;Москва;https://hh.ru/vacancy/86571284;0;15000;RUR;Сильное и стойкое желание развиваться как Data Scientist. Базовые знания <highlighttext>Python</highlighttext>. Базовые знания алгоритмов машинного обучения. Хорошо развитое логическое мышление...;Проводить ad-hoc аналитику (отвечать на вопросы: как, что и почему повлияло на результат в определенный момент времени). ;Дунаев Михаил Алексеевич;HH
Стажер Data Scientist;Алматы;https://hh.ru/vacancy/86556886;0;0;RUR;Опыт работы со стеком: <highlighttext>Python</highlighttext>, Pandas, Numpy, PostgreSQL. - Хорошие коммуникативные навыки.;Работа с DWH. - Техническое сопровождение готовых решений, документирование, отчетность.;Grand era;HH
Выездной инженер;Москва;https://hh.ru/vacancy/86662928;40000;0;RUR;3. Навыки программирования приветствуются (предпочтительно C#, С++, <highlighttext>Python</highlighttext>). 4. Опыт работы с настройкой периферийных устройств (Банковский терминал, Фискальный регистратор, Считыватель...;1. Участие в сборе и подготовке данных для разработки решений в сфере искусственного интеллекта по распознаванию объектов. 2. ;Смарт Мил Сервис;HH
Стажер-разработчик;Москва;https://hh.ru/vacancy/86584351;0;0;RUR;Приветствуется опыт Visual Basic, JavaScript, <highlighttext>Python</highlighttext>. Системное и аналитическое мышление, навыки структурирования и планирования своей работы. Грамотность и навыки написания...;Наша команда занимается поддержкой и развитием корпоративной сети передачи данных в центрах обработки данных и на территориях ключевых объектов АО...;РСХБ-Интех;HH
Python-разработчик;Москва;https://hh.ru/vacancy/85252162;0;40000;RUR;Отличные знания <highlighttext>Python</highlighttext> и SQL. Умение писать поддерживаемый и тестируемый код. Умение декомпозировать задачи, оценивать их и выдерживать сроки. ;Разработка и поддержка проектов на django и fastapi. Реализация задач назначаемых архитектором системы. Работа в микросервисной парадигме. Покрытие кода функциональными...;Битапл;HH
Frontend-разработчик (удаленно);Тольятти;https://hh.ru/vacancy/86597491;70000;100000;RUR;Опыт серверной разработки (например Nodejs, PHP, <highlighttext>Python</highlighttext>). Опыт работы с Next JS и понимание что такое Server-Side Rendering. ;Разработка и поддержка клиентских приложений с использованием React и Typescript. Верстка и стилизация пользовательского интерфейса. Интеграция с бэкенд-сервисами через...;Juzt Studio;HH
Python developer (Junior/Middle);Санкт-Петербург;https://hh.ru/vacancy/86210494;0;0;RUR;Опыт работы с <highlighttext>Python</highlighttext> 3 - от 2х лет. Знание ООП, архитектурные паттерны. Опыт работы с Flask, Django. ;Работать с внутренней автоматизацией и с внутренними задачами компании. Внедрение сервисов для PM-ов, бухгалтерии, back-офиса. Работа с DWH...;Surf;HH
Стажер-программист Python;Москва;https://hh.ru/vacancy/86458967;60000;0;RUR;Способность быстро разобраться в неизвестном предмете (протоколе, языке программирования, и т.д.). Опыт программирования на <highlighttext>Python</highlighttext> (не обязательно промышленный). ;Исследования, разработка прототипов программ (на <highlighttext>Python</highlighttext>) в сфере взаимодействия различного оборудования между собой по различным цифровым протоколам, анализ и визуализация...;Автономные беспилотные системы;HH
Разработчик Python Junior;Воронеж;https://hh.ru/vacancy/86372853;0;0;RUR;Уверенное знание <highlighttext>python</highlighttext>3. Базовые навыки администрирования linux. Опыт работы с одним или нескольким <highlighttext>python</highlighttext> web framework: Django, flask, FastAPI...;Разработка сервисных приложений на языке <highlighttext>python</highlighttext> 3.8+. Реализация интерфейсов по протоколам HTTP/HTTPS. Реализация API. Реализация подключения и...;Нумеди;HH
Программист-стажер;Москва;https://hh.ru/vacancy/86420017;0;0;RUR;Обучение в высшем учебном заведении по специальности программист и/или информационные технологии и/или ИТ и связь. Желание учиться и...;Выполнение заданий, получение консультаций от опытных специалистов. Изучение и практические задания на <highlighttext>Python</highlighttext> JavaScript. Изучение и получения практических навыков работы...;АЛЬФАСАТКОМ;HH
Middle QA Engineer;Москва;https://hh.ru/vacancy/86671817;120000;0;RUR;Опыт разработки тест-планов, тест-кейсов. Знание <highlighttext>Python</highlighttext>, опыт автоматизации тестирования (как плюс). Базовые знания html, сss, regexp. ;Функциональное тестирование мобильных и web приложений. Тестирование API. Сопровождение задач, мониторинг качества продукта. Документирование багов. Проверка кейсов перед релизом, тестирование...;Level.Travel;HH
Разработчик Python (junior);Москва;https://hh.ru/vacancy/86324076;0;80000;RUR;Знание что такое swagger. Знание как управлять зависимостями в приложениях на <highlighttext>python</highlighttext> (pip/poetry/pipenv). Понимание про typehints/mypy. ;Написание микросервисов для аналитических сервисов (формируют хитрый оптимизированный запрос в БД, обрабатывает на <highlighttext>python</highlighttext> и отдает в <highlighttext>python</highlighttext>). ;ANABAR;HH
Специалист службы поддержки с техническими знаниями (TOOLS);Нефтеюганск;https://nefteyugansk.superjob.ru/vakansii/specialist-sluzhby-podderzhki-s-tehnicheskimi-znaniyami-39819639.html;15000;0;RUR;"TOOLS — это команда поддержки внутренних сервисов Яндекса. Они помогают нашим сотрудникам разбираться, как пользоваться рабочими инструментами, если что-то непонятно. У специалиста служба поддержки в TOOLS будет возможность попасть в закулисье Яндекса. Предстоит помогать столкнувшимся с трудностями сотрудникам или находить того, кто сможет на сложный вопрос ответить лучше всех. Ищем и очень ждем в команду человека с техническими знаниями, пониманием мира кода и онлайна. Если умеете находить контакт с любыми, даже самыми загадочными людьми, и можете прочитать чужие мысли, присоединяйтесь — станьте нашим супергероем.
Что нужно делать:
· отвечать на сообщения пользователей по почте и в чатах;
· консультировать их о вопросах, связанных с Яндексом;
· передавать информацию разработчикам и менеджерам, помогая улучшать сервисы;
· иногда решать новые интересные задачи — ведь мы постоянно растем и меняемся.
Мы ждем, что вы:
· грамотно пишете по-русски;
· умеете четко и структурированно излагать мысли;
· легко находите главную информацию в текстах разного объема;
· умеете читать языки JavaScript, HTML и Python;
· имеете высшее или неоконченное высшее образование (техническое будет плюсом);
· помогали людям онлайн;
· умеете работать самостоятельно и в команде;
· готовы к гибкому графику;
· ответственны, стрессоустойчивы, самоорганизованны;
· умеете работать с большим объемом информации;
· готовы учиться;
· не устаете от однообразных задач.
Условия:
· работа из дома;
· оформление совместительства;
· частичная занятость: 20 рабочих часов в неделю;
· гибкий график: 5-дневная рабочая неделя, 4 рабочих часа в день, плавающие выходные, начало смен обсуждается индивидуально;
· сдельная оплата;
· удаленное оплачиваемое обучение.
Доступно соискателям с инвалидностью";"TOOLS — это команда поддержки внутренних сервисов Яндекса. Они помогают нашим сотрудникам разбираться, как пользоваться рабочими инструментами, если что-то непонятно. У специалиста служба поддержки в TOOLS будет возможность попасть в закулисье Яндекса. Предстоит помогать столкнувшимся с трудностями сотрудникам или находить того, кто сможет на сложный вопрос ответить лучше всех. Ищем и очень ждем в команду человека с техническими знаниями, пониманием мира кода и онлайна. Если умеете находить контакт с любыми, даже самыми загадочными людьми, и можете прочитать чужие мысли, присоединяйтесь — станьте нашим супергероем.
Что нужно делать:
· отвечать на сообщения пользователей по почте и в чатах;
· консультировать их о вопросах, связанных с Яндексом;
· передавать информацию разработчикам и менеджерам, помогая улучшать сервисы;
· иногда решать новые интересные задачи — ведь мы постоянно растем и меняемся.
Мы ждем, что вы:
· грамотно пишете по-русски;
· умеете четко и структурированно излагать мысли;
· легко находите главную информацию в текстах разного объема;
· умеете читать языки JavaScript, HTML и Python;
· имеете высшее или неоконченное высшее образование (техническое будет плюсом);
· помогали людям онлайн;
· умеете работать самостоятельно и в команде;
· готовы к гибкому графику;
· ответственны, стрессоустойчивы, самоорганизованны;
· умеете работать с большим объемом информации;
· готовы учиться;
· не устаете от однообразных задач.
Условия:
· работа из дома;
· оформление совместительства;
· частичная занятость: 20 рабочих часов в неделю;
· гибкий график: 5-дневная рабочая неделя, 4 рабочих часа в день, плавающие выходные, начало смен обсуждается индивидуально;
· сдельная оплата;
· удаленное оплачиваемое обучение.
Доступно соискателям с инвалидностью";Яндекс;SuperJob
Старший аналитик данных в CRM (Отдел анализа эффективности некредитного направления);Москва;https://www.superjob.ru/vakansii/starshij-analitik-dannyh-v-crm-46759846.html;0;0;RUR;"Обязанности:
 
• аналитическая поддержка бизнес-подразделения, развитие и накопление экспертизы в области аналитики, статистики;
 
• анализ эффективности работы CRM, оценка кампаний, подведение итогов пилотов;
 
• участие в крупных аналитических проектах розничного CRM;
 
• поиск решения проблем: увеличения отклика на предложения CRM, расширения охвата базы клиентов предложениями, повышения эффективности процессов;
 
• проведение оценки клиентской базы: анализ жизненного цикла клиентов, прогнозирование поведения, построение клиентского портрета, взаимодействие с data scientists в рамках задач по анализу данных и моделированию;
 
• подготовка бизнес рекомендаций в рамках активностей департамента по результатам проведенных исследований, визуализация результатов исследований;
 
• сопровождение текущей отчетности и создание новой, разработка dashboard, инструментария для контроля деятельности CRM;
 
• разработка инструментария для контроля деятельности CRM.
 
Требования:
 
• высшее образование (математика, физмат, экономика, статистика);
 
• опыт работы в крупной компании (банки, телеком, retail) в подразделении аналитики от 1 года;
 
• отличное знание SQL (написание сложных запросов, знание оконных функций) - обязательно;
 
• уверенный пользователь MS Office (Excel, P.Point);
 
• опыт использования инструментов BI будет плюсом;
 
• знание python для целей аналитики данных будет плюсом;
 
• опыт анализа больших объемов данных;
 
• наши аналитики, как правило, используют SQL, но мы не ограничиваем специалистов в выборе инструментария;
 
• аналитический склад ума;
 
• умением структурированно излагать мысли, презентовать результаты своей работы.
 
Условия:
 
• трудоустройство согласно Законодательству;
 
• конкурентная заработная плата;
 
• профессиональное обучение и развитие;
 
• добровольное медицинское страхование, льготные условия кредитования;
 
• корпоративная пенсионная программа, материальная помощь;
 
• спортивная жизнь и корпоративные мероприятия;
 
• возможность построить карьеру в ведущем банке России.";"Обязанности:
 
• аналитическая поддержка бизнес-подразделения, развитие и накопление экспертизы в области аналитики, статистики;
 
• анализ эффективности работы CRM, оценка кампаний, подведение итогов пилотов;
 
• участие в крупных аналитических проектах розничного CRM;
 
• поиск решения проблем: увеличения отклика на предложения CRM, расширения охвата базы клиентов предложениями, повышения эффективности процессов;
 
• проведение оценки клиентской базы: анализ жизненного цикла клиентов, прогнозирование поведения, построение клиентского портрета, взаимодействие с data scientists в рамках задач по анализу данных и моделированию;
 
• подготовка бизнес рекомендаций в рамках активностей департамента по результатам проведенных исследований, визуализация результатов исследований;
 
• сопровождение текущей отчетности и создание новой, разработка dashboard, инструментария для контроля деятельности CRM;
 
• разработка инструментария для контроля деятельности CRM.
 
Требования:
 
• высшее образование (математика, физмат, экономика, статистика);
 
• опыт работы в крупной компании (банки, телеком, retail) в подразделении аналитики от 1 года;
 
• отличное знание SQL (написание сложных запросов, знание оконных функций) - обязательно;
 
• уверенный пользователь MS Office (Excel, P.Point);
 
• опыт использования инструментов BI будет плюсом;
 
• знание python для целей аналитики данных будет плюсом;
 
• опыт анализа больших объемов данных;
 
• наши аналитики, как правило, используют SQL, но мы не ограничиваем специалистов в выборе инструментария;
 
• аналитический склад ума;
 
• умением структурированно излагать мысли, презентовать результаты своей работы.
 
Условия:
 
• трудоустройство согласно Законодательству;
 
• конкурентная заработная плата;
 
• профессиональное обучение и развитие;
 
• добровольное медицинское страхование, льготные условия кредитования;
 
• корпоративная пенсионная программа, материальная помощь;
 
• спортивная жизнь и корпоративные мероприятия;
 
• возможность построить карьеру в ведущем банке России.";Банк ВТБ (ПАО);SuperJob
Full stack python developer;Санкт-Петербург;https://spb.superjob.ru/vakansii/full-stack-python-developer-46891033.html;200000;0;RUR;"ФГБУ ""НМИЦ онкологии им. Н.Н. Петрова"" Минздрава России является одним из ведущих учреждений специализирующихся на оказание медицинской помощи по профилю ""онкология"". Учреждение имеет обширную базу исследований: лучевых методов диагностики, морфологии, а также большое количество медицинских данных пациентов с онкологическими заболеваниями. В настоящее время организация ищет Full Stack разработчика на Python для работы с алгоритмами машинного обучения и искусственного интеллекта
 Должностные обязанности:
 * Разработка веб-интерфейса для разметки данных
 * Консультирование / участие в автоматизации источников данных для ML моделей совместно с ML Engineer/Data Engineer 
Требования:
 - Высшее техническое образование в сфере компьютерных наук, прикладной математики или статистики (желательно)
- 2+ года опыта с React.js и Python.
- Знание фреймворков Django, Flask или Streamlit (желательно)
- Контейнеризация: Docker, OpenShift;
- Опыт с базами данных: MongoDB, PostgreSQL
- Инструменты DevOps (MLOps): Git, Jira, Bitbucket, Nexus, Jenkins
- Технический английский статьи, документация
- Понимание жизненного цикла моделей (CRISP-DM) (желательно)
- Знание основных алгоритмов и методов машинного обучение и анализа данных: линейные модели, ансамблевые методы, анализ и прогнозирование временных рядов (задачи классического Машинного Обучения) (желательно)
- Знание фреймворков, библиотек машинного обучения: Scikit-learn, XGBoost, CatBoost, TensorFlow, Pytorch, Hugging Face transformers (желательно) 
Условия:
* Трудоустройство в соответствии с ТК РФ
* Белая зарплата
* Возможность разрабатывать продукты востребованные для системы здравоохранения, которые позволяют повысить качество оказания медицинской помощи по профилю ""онкология""
* Возможность участвовать с презентацией проектов на профильных конференциях";"ФГБУ ""НМИЦ онкологии им. Н.Н. Петрова"" Минздрава России является одним из ведущих учреждений специализирующихся на оказание медицинской помощи по профилю ""онкология"". Учреждение имеет обширную базу исследований: лучевых методов диагностики, морфологии, а также большое количество медицинских данных пациентов с онкологическими заболеваниями. В настоящее время организация ищет Full Stack разработчика на Python для работы с алгоритмами машинного обучения и искусственного интеллекта
 Должностные обязанности:
 * Разработка веб-интерфейса для разметки данных
 * Консультирование / участие в автоматизации источников данных для ML моделей совместно с ML Engineer/Data Engineer 
Требования:
 - Высшее техническое образование в сфере компьютерных наук, прикладной математики или статистики (желательно)
- 2+ года опыта с React.js и Python.
- Знание фреймворков Django, Flask или Streamlit (желательно)
- Контейнеризация: Docker, OpenShift;
- Опыт с базами данных: MongoDB, PostgreSQL
- Инструменты DevOps (MLOps): Git, Jira, Bitbucket, Nexus, Jenkins
- Технический английский статьи, документация
- Понимание жизненного цикла моделей (CRISP-DM) (желательно)
- Знание основных алгоритмов и методов машинного обучение и анализа данных: линейные модели, ансамблевые методы, анализ и прогнозирование временных рядов (задачи классического Машинного Обучения) (желательно)
- Знание фреймворков, библиотек машинного обучения: Scikit-learn, XGBoost, CatBoost, TensorFlow, Pytorch, Hugging Face transformers (желательно) 
Условия:
* Трудоустройство в соответствии с ТК РФ
* Белая зарплата
* Возможность разрабатывать продукты востребованные для системы здравоохранения, которые позволяют повысить качество оказания медицинской помощи по профилю ""онкология""
* Возможность участвовать с презентацией проектов на профильных конференциях";"ФГБУ ""НМИЦ онкологии им. Н. Н. Петрова"" Минздрава России";SuperJob
Сетевой инженер;Санкт-Петербург;https://spb.superjob.ru/vakansii/setevoj-inzhener-46941423.html;70000;100000;RUR;"Обязанности: 
• Общение с клиентом, решение заявок клиентов по вопросу работы Интернет и каналов.
 
• Обеспечение своевременной диагностики и устранения неисправностей в сети.
 
• Поддержка актуальности схемы сети, настроек на сетевом оборудовании.
 
• Администрирование linux серверов.
 
• Мониторинг состояния и настройка сетевого оборудования, UPS (Cisco, D-Link, Huawei, Mikrotik, EATON, APC).
 
Требования: 
• Высшее техническое образование
 
• Уверенное знание компьютерных сетей: сети ethernet, Vlan, QinQ, L3, модели ISO/OSI (знание консоли cisco будет плюсом
 
• Уверенное знание Linux и его сервисов (Bind, Apache и так далее)
 
• Знание средств мониторинга сети и серверов на основе Linux, cacti
 
• Базовое программирование на bash, python, PHP
 
• Английский язык (технический)
 
Условия: 
• Работа в офисе, 5/2 с 8:00 до 16:30
 
• 
От 70000 рублей на руки, по результатам собеседования.
 
• Срочный договор: 3 мес. испытательный срок, далее бессрочный договор.
 
• ДМС после испытательный срока";"Обязанности: 
• Общение с клиентом, решение заявок клиентов по вопросу работы Интернет и каналов.
 
• Обеспечение своевременной диагностики и устранения неисправностей в сети.
 
• Поддержка актуальности схемы сети, настроек на сетевом оборудовании.
 
• Администрирование linux серверов.
 
• Мониторинг состояния и настройка сетевого оборудования, UPS (Cisco, D-Link, Huawei, Mikrotik, EATON, APC).
 
Требования: 
• Высшее техническое образование
 
• Уверенное знание компьютерных сетей: сети ethernet, Vlan, QinQ, L3, модели ISO/OSI (знание консоли cisco будет плюсом
 
• Уверенное знание Linux и его сервисов (Bind, Apache и так далее)
 
• Знание средств мониторинга сети и серверов на основе Linux, cacti
 
• Базовое программирование на bash, python, PHP
 
• Английский язык (технический)
 
Условия: 
• Работа в офисе, 5/2 с 8:00 до 16:30
 
• 
От 70000 рублей на руки, по результатам собеседования.
 
• Срочный договор: 3 мес. испытательный срок, далее бессрочный договор.
 
• ДМС после испытательный срока";Кировтелеком;SuperJob
Руководитель направления в Центр резервирования и планирования;Москва;https://www.superjob.ru/vakansii/rukovoditel-napravleniya-v-centr-rezervirovaniya-i-planirovaniya-47009395.html;0;0;RUR;"Обязанности: 
• 
Формирование и автоматизация регулярной риск-отчетности по портфелю корпоративного и инвестиционного бизнеса;
 
 
• 
Расчет риск-показателей, аналитика портфеля;
 
 
• 
Разработка дэшбордов с использованием средств MS Power BI;
 
 
• 
Формирование бизнес-требований на реализацию витрин / дэшбордов.
 
 
Требования: 
• 
Опыт работы от 1 до 3 лет в Банках / финансовых организациях (направления: риски / портфельный анализ / автоматизация отчетности);
 
 
• 
Высшее образование (финансы и кредит);
 
 
• 
Уверенное знание SQL, MS Excel, Python (желательно);
 
 
• 
Опыт самостоятельной разработки дэшбордов на MS Power BI (желательно);
 
 
• 
Глубокие аналитические навыки.
 
 
Мы предлагаем Вам: 
• 
Стать частью крупного, динамично развивающегося банка;
 
 
• 
Работу в команде единомышленников, неравнодушных к передовым технологиям и практикам;
 
 
• 
Неограниченные возможности для совершенствования Ваших навыков и знаний, обучаясь у лучших и решая сверхамбициозные задачи;
 
 
• 
Позитивную рабочую атмосферу, дружный коллектив;
 
 
• 
Удобное расположение офисов;
 
 
• 
Достойную и конкурентную заработную плату, квартальные и годовые премии, размер которых зависит от результатов Вашей работы;
 
 
• 
Разнообразный социальный пакет: ДМС, страхование жизни, страхование для выезжающих за границу, льготные условия приобретения банковских продуктов, скидки в фитнес-клубах и в компаниях-партнерах.";"Обязанности: 
• 
Формирование и автоматизация регулярной риск-отчетности по портфелю корпоративного и инвестиционного бизнеса;
 
 
• 
Расчет риск-показателей, аналитика портфеля;
 
 
• 
Разработка дэшбордов с использованием средств MS Power BI;
 
 
• 
Формирование бизнес-требований на реализацию витрин / дэшбордов.
 
 
Требования: 
• 
Опыт работы от 1 до 3 лет в Банках / финансовых организациях (направления: риски / портфельный анализ / автоматизация отчетности);
 
 
• 
Высшее образование (финансы и кредит);
 
 
• 
Уверенное знание SQL, MS Excel, Python (желательно);
 
 
• 
Опыт самостоятельной разработки дэшбордов на MS Power BI (желательно);
 
 
• 
Глубокие аналитические навыки.
 
 
Мы предлагаем Вам: 
• 
Стать частью крупного, динамично развивающегося банка;
 
 
• 
Работу в команде единомышленников, неравнодушных к передовым технологиям и практикам;
 
 
• 
Неограниченные возможности для совершенствования Ваших навыков и знаний, обучаясь у лучших и решая сверхамбициозные задачи;
 
 
• 
Позитивную рабочую атмосферу, дружный коллектив;
 
 
• 
Удобное расположение офисов;
 
 
• 
Достойную и конкурентную заработную плату, квартальные и годовые премии, размер которых зависит от результатов Вашей работы;
 
 
• 
Разнообразный социальный пакет: ДМС, страхование жизни, страхование для выезжающих за границу, льготные условия приобретения банковских продуктов, скидки в фитнес-клубах и в компаниях-партнерах.";Банк Открытие;SuperJob
Преподаватель детской школы программирования;Пермь;https://perm.superjob.ru/vakansii/prepodavatel-detskoj-shkoly-programmirovaniya-47452251.html;50000;60000;RUR;"Обязанности:
• Проведение групповых занятий для детей по программированию на выбор (Scratch, Scratch JR, Python), Видеоблогинг, Гемдизайн в Roblox, Unity, Графический дизайн, Создание веб-сайтов, Компьютерная грамотность, для детей 6-17 лет.
• Формирование у учеников логического мышления и развитие технических творческих способностей.
• Поддержание интереса и мотивации учеников.
Требования:
• Опыт работы с детьми (желателен).
• опыт программирования на одном, двух языках, приветствуется Phyton.
• Умение объяснять сложное простыми (иногда детскими) словами.
• Любовь к детям и умение направить их энергию в нужное русло.
Условия:
• Полностью разработанная он-лайн среда обучения, в т.ч. методические материалы и указания для каждого урока, раздаточные материалы, учебные фильмы (выдумывать ничего не требуется, только лишь Ваш креатив в использовании имеющихся материалов).
• периодическое обучение преподавателя,
• тестирование при приеме на работу,
• Неполная занятость (возможность работы от 2-х часов в неделю), гибкий график.
• Занятия проходят в выходные дни, утром и вечером в будние дни.
• Возможность обучать мотивированных детей, которые стремятся узнать все о современных технологиях и не только.
• работа в Балатово, Центр, Парковый, Садовый, Рабочий поселок, Гайва, Вышка, Закамск, Нижняя Курья, Пролетарка, Ванюки, Новые Ляды, п. Горный, онлайн";"Обязанности:
• Проведение групповых занятий для детей по программированию на выбор (Scratch, Scratch JR, Python), Видеоблогинг, Гемдизайн в Roblox, Unity, Графический дизайн, Создание веб-сайтов, Компьютерная грамотность, для детей 6-17 лет.
• Формирование у учеников логического мышления и развитие технических творческих способностей.
• Поддержание интереса и мотивации учеников.
Требования:
• Опыт работы с детьми (желателен).
• опыт программирования на одном, двух языках, приветствуется Phyton.
• Умение объяснять сложное простыми (иногда детскими) словами.
• Любовь к детям и умение направить их энергию в нужное русло.
Условия:
• Полностью разработанная он-лайн среда обучения, в т.ч. методические материалы и указания для каждого урока, раздаточные материалы, учебные фильмы (выдумывать ничего не требуется, только лишь Ваш креатив в использовании имеющихся материалов).
• периодическое обучение преподавателя,
• тестирование при приеме на работу,
• Неполная занятость (возможность работы от 2-х часов в неделю), гибкий график.
• Занятия проходят в выходные дни, утром и вечером в будние дни.
• Возможность обучать мотивированных детей, которые стремятся узнать все о современных технологиях и не только.
• работа в Балатово, Центр, Парковый, Садовый, Рабочий поселок, Гайва, Вышка, Закамск, Нижняя Курья, Пролетарка, Ванюки, Новые Ляды, п. Горный, онлайн";Jobers;SuperJob
DevOps Team Lead;Нижний Новгород;https://nn.superjob.ru/vakansii/devops-team-lead-42890350.html;0;0;RUR;"КуулКлевер Лаб – цифровая команда КуулКлевер, развивающая собственные ITпроекты. Пока на производствах КуулКлевер готовят натуральные продукты, мы создаём продукты в IT и строим своеобразный мост между гостями и компанией, чтобы покупатели легко могли купить продукты онлайн и офлайн, а КуулКлевер — приготовить и доставить.
Команда ИТ состоит из 51 разработчика + support + QA + DevOps engineer.
Сейчас ищем в команду DevOps Team Lead.
Основные задачи:
• Поддержка, внедрение и улучшение CI/CD процессов
• Сопровождение сервисов от разработки до эксплуатации, участие в эксплуатации
• Развертывание, мониторинг и отладка dev/stage/prod сред
• Администрирование *nix платформ (Centos, Ubuntu)
• Внедрение и поддержка devops процессов/инструментов
• Поиск и устранение неисправностей, узких мест в работе инфраструктурной части проектов
• Работа с Docker и Kubernetes
• Администрирование (установка, настройка, репликация, кластеризация) СУБД
• Разработка скриптов для автоматизации задач эксплуатации
Необходимые опыт и знания:
• Опыт построения реальных нагруженных отказоустойчивых публичных сервисов с помощью Docker и Kubernetes
• Опыт построения и оптимизации CI/CD-цепочек
• Знания и опыт работы с DevOps инструментами (Gitlab, Ansible)
• Знания и опыт разработки скриптов (python/bash/perl и др.) для автоматизации широкого спектра задач
• Знания и опыт работы с Grafana, Zabbix, Prometheus и др. средствами мониторинга и отслеживания событий/метрик, дашбордов
• Понимание механизма работы сетей, протоколов маршрутизации, VPN, firewall, DNS, DHCP и пр.
• Опыт работы с системами контроля версий (Git)
• Опыт руководства командой
• Самостоятельность в решении поставленной задачи
• Ответственность за результат
• Умение быстро ориентироваться при поиске проблем
Необязательно, но будет плюсом:
• Опыт программирования PHP/NodeJS
• Опыт программирования SQL
Мы предлагаем:
• Работа в аккредитованной ИТ-компании
• Варианты формата работы: гибрид либо в офисе
• Офис расположен в бизнес-парке Бугров, бесплатная парковка
• Официальное оформление: полностью «белая» з/п; все социальные гарантии
• Персональное предложение по заработной плате, соответствующее опыту и ожиданиям кандидата
• Мы заинтересованы в том, чтобы сотрудники развивались, поэтому компания может компенсировать обучение сотрудников и участие в конференциях";"КуулКлевер Лаб – цифровая команда КуулКлевер, развивающая собственные ITпроекты. Пока на производствах КуулКлевер готовят натуральные продукты, мы создаём продукты в IT и строим своеобразный мост между гостями и компанией, чтобы покупатели легко могли купить продукты онлайн и офлайн, а КуулКлевер — приготовить и доставить.
Команда ИТ состоит из 51 разработчика + support + QA + DevOps engineer.
Сейчас ищем в команду DevOps Team Lead.
Основные задачи:
• Поддержка, внедрение и улучшение CI/CD процессов
• Сопровождение сервисов от разработки до эксплуатации, участие в эксплуатации
• Развертывание, мониторинг и отладка dev/stage/prod сред
• Администрирование *nix платформ (Centos, Ubuntu)
• Внедрение и поддержка devops процессов/инструментов
• Поиск и устранение неисправностей, узких мест в работе инфраструктурной части проектов
• Работа с Docker и Kubernetes
• Администрирование (установка, настройка, репликация, кластеризация) СУБД
• Разработка скриптов для автоматизации задач эксплуатации
Необходимые опыт и знания:
• Опыт построения реальных нагруженных отказоустойчивых публичных сервисов с помощью Docker и Kubernetes
• Опыт построения и оптимизации CI/CD-цепочек
• Знания и опыт работы с DevOps инструментами (Gitlab, Ansible)
• Знания и опыт разработки скриптов (python/bash/perl и др.) для автоматизации широкого спектра задач
• Знания и опыт работы с Grafana, Zabbix, Prometheus и др. средствами мониторинга и отслеживания событий/метрик, дашбордов
• Понимание механизма работы сетей, протоколов маршрутизации, VPN, firewall, DNS, DHCP и пр.
• Опыт работы с системами контроля версий (Git)
• Опыт руководства командой
• Самостоятельность в решении поставленной задачи
• Ответственность за результат
• Умение быстро ориентироваться при поиске проблем
Необязательно, но будет плюсом:
• Опыт программирования PHP/NodeJS
• Опыт программирования SQL
Мы предлагаем:
• Работа в аккредитованной ИТ-компании
• Варианты формата работы: гибрид либо в офисе
• Офис расположен в бизнес-парке Бугров, бесплатная парковка
• Официальное оформление: полностью «белая» з/п; все социальные гарантии
• Персональное предложение по заработной плате, соответствующее опыту и ожиданиям кандидата
• Мы заинтересованы в том, чтобы сотрудники развивались, поэтому компания может компенсировать обучение сотрудников и участие в конференциях";КуулКлевер (МясновЪ, Отдохни);SuperJob
Педагог дополнительного образования (программирование scratch/python, робототехника lego);Бронницы;https://bronnitsi.superjob.ru/vakansii/pedagog-dopolnitelnogo-obrazovaniya-44818691.html;18000;56000;RUR;"Обязанности:
• Проведение образовательных программ на доп. площадке центра - в г. Бронницы
• Контроль выполнения учениками программы
• Создание доброжелательной и продуктивной атмосферы в учебных группах
• Любить работать с детьми, находить общий язык с учениками, становится их примером
• Отчетность по занятиям для руководителя и родителям
• Фото отчет работы группы в мессенджеры
• Соблюдение дисциплины, чистоты на рабочем месте

Требования:
• Коммуникабельность, грамотно поставленная речь
• Наличие мед.книжки
• Желание развиваться и повышать квалификацию
• Наличие опыта работы с детьми
• Высокая компьютерная грамотность, знание языков/программ (scratch, lego education, app inventor/python)
• Образование в сфере психология/педагогика/техническое
Условия:
• Работа в 1 выходной день (суббота/воскресенье) или 1-2 вечера в неделю с 15:30. От кол-во часов зависит оклад на месяц
• Официальную заработную плату
• Карьерный рост для самых активных
• Мы ищем ярких, активных, готовых развиваться и делиться своими знаниями людей, которым не безразлично будущее подрастающего поколения.
Требуемый опыт работы: 1–3 года
Частичная занятость, гибкий график
Оформление по ТК РФ.";"Обязанности:
• Проведение образовательных программ на доп. площадке центра - в г. Бронницы
• Контроль выполнения учениками программы
• Создание доброжелательной и продуктивной атмосферы в учебных группах
• Любить работать с детьми, находить общий язык с учениками, становится их примером
• Отчетность по занятиям для руководителя и родителям
• Фото отчет работы группы в мессенджеры
• Соблюдение дисциплины, чистоты на рабочем месте

Требования:
• Коммуникабельность, грамотно поставленная речь
• Наличие мед.книжки
• Желание развиваться и повышать квалификацию
• Наличие опыта работы с детьми
• Высокая компьютерная грамотность, знание языков/программ (scratch, lego education, app inventor/python)
• Образование в сфере психология/педагогика/техническое
Условия:
• Работа в 1 выходной день (суббота/воскресенье) или 1-2 вечера в неделю с 15:30. От кол-во часов зависит оклад на месяц
• Официальную заработную плату
• Карьерный рост для самых активных
• Мы ищем ярких, активных, готовых развиваться и делиться своими знаниями людей, которым не безразлично будущее подрастающего поколения.
Требуемый опыт работы: 1–3 года
Частичная занятость, гибкий график
Оформление по ТК РФ.";ТЕХНОШКОЛА;SuperJob
Программист;Коломна;https://kolomna.superjob.ru/vakansii/programmist-45594068.html;60000;0;RUR;"Обязанности:
• Реализация алгоритмов и структур данных для решения задач
• организации. Разработка веб-сервисов, системных утилит, систем
• автоматизации. Осуществление технической поддержки сотрудников. 
Требования:
• Высшее техническое образование. Уверенное знание и опыт
• разработки на Python 3, JS, PostgreSQL. Опыт работы с Linux на уровне
• администратора. 
• Знание современных информационных и сетевых технологий.
• Готовность работать в режиме многозадачности. 
Условия:
• 40-часовая р/неделя, 8-часовой р/день, с 8.00 до 17.00, выходной - суббота, воскресенье
• Удалённая работа не рассматривается";"Обязанности:
• Реализация алгоритмов и структур данных для решения задач
• организации. Разработка веб-сервисов, системных утилит, систем
• автоматизации. Осуществление технической поддержки сотрудников. 
Требования:
• Высшее техническое образование. Уверенное знание и опыт
• разработки на Python 3, JS, PostgreSQL. Опыт работы с Linux на уровне
• администратора. 
• Знание современных информационных и сетевых технологий.
• Готовность работать в режиме многозадачности. 
Условия:
• 40-часовая р/неделя, 8-часовой р/день, с 8.00 до 17.00, выходной - суббота, воскресенье
• Удалённая работа не рассматривается";Департамент городского хозяйства;SuperJob
Инженер/Программист микроконтроллеров (стажер);Екатеринбург;https://ekaterinburg.superjob.ru/vakansii/inzhener-46664652.html;19500;24500;RUR;"Вы еще не знаете о нас? Тогда немного о нашей Компании…
Компания «К Телеком» работает на телекоммуникационном рынке уже 15-ый год, мы предоставляем свои услуги в более чем 120 городах Свердловской, Челябинской областях и Пермском крае. Более 150 000 абонентов пользуются нашими услугами.
Что будет входить в круг Ваших обязанностей?
• 
Проектирование электрических схем и плат устройств;
• 
Программирование устройств;
• 
Написание системы управления устройствами и их Web-интерфейсов;
Что мы ждем от кандидата?
• 
Понимание TCP/IP;
• 
Знание Python, С++;
• 
Желание работать и зарабатывать, расти и развиваться!
Почему именно МЫ?
Работая в нашей компании, Вы получаете:
• Официальное трудоустройство согласно ТК РФ;
• Стабильный доход (окладно-премиальная система) все выплаты официальные;
• Гибкий график работы, позволяющий совмещать работу и обучение, с перспективой перехода на полный рабочий день;
• Надбавки за стаж от 1 года;
• Работа в молодой, дружной, амбициозной, динамично развивающейся компании;
• Внутрикорпоративное обучение + возможность внешнего обучения;
• Перспективы профессионального и карьерного роста;
• Возможность реализации своих идей.
Мы заботимся о наших сотрудниках, предоставляя:
• Выплату материальной помощи по случаю рождения детей;
• Новогодние подарки детям сотрудников на Новый год;
• Корпоративные и спортивные мероприятия, сплавы;
• Оплату предварительных и периодических медицинских осмотров;
• Частичную компенсацию питания;
• Корпоративный фитнес.
Где Вы будете работать?
В современном комфортабельном офисе в Пионерском районе (ост. ""Современник"")
Мы создали уютный современный офис, комфортное рабочее место, лаунж-зону, кофе-бар, обеденную зону.
Также на территории офиса имеется бесплатная охраняемая парковка.
Покоряй новые вершины в Компании К Телеком!
Открывай новые возможности и развивайся в успешной команде!";"Вы еще не знаете о нас? Тогда немного о нашей Компании…
Компания «К Телеком» работает на телекоммуникационном рынке уже 15-ый год, мы предоставляем свои услуги в более чем 120 городах Свердловской, Челябинской областях и Пермском крае. Более 150 000 абонентов пользуются нашими услугами.
Что будет входить в круг Ваших обязанностей?
• 
Проектирование электрических схем и плат устройств;
• 
Программирование устройств;
• 
Написание системы управления устройствами и их Web-интерфейсов;
Что мы ждем от кандидата?
• 
Понимание TCP/IP;
• 
Знание Python, С++;
• 
Желание работать и зарабатывать, расти и развиваться!
Почему именно МЫ?
Работая в нашей компании, Вы получаете:
• Официальное трудоустройство согласно ТК РФ;
• Стабильный доход (окладно-премиальная система) все выплаты официальные;
• Гибкий график работы, позволяющий совмещать работу и обучение, с перспективой перехода на полный рабочий день;
• Надбавки за стаж от 1 года;
• Работа в молодой, дружной, амбициозной, динамично развивающейся компании;
• Внутрикорпоративное обучение + возможность внешнего обучения;
• Перспективы профессионального и карьерного роста;
• Возможность реализации своих идей.
Мы заботимся о наших сотрудниках, предоставляя:
• Выплату материальной помощи по случаю рождения детей;
• Новогодние подарки детям сотрудников на Новый год;
• Корпоративные и спортивные мероприятия, сплавы;
• Оплату предварительных и периодических медицинских осмотров;
• Частичную компенсацию питания;
• Корпоративный фитнес.
Где Вы будете работать?
В современном комфортабельном офисе в Пионерском районе (ост. ""Современник"")
Мы создали уютный современный офис, комфортное рабочее место, лаунж-зону, кофе-бар, обеденную зону.
Также на территории офиса имеется бесплатная охраняемая парковка.
Покоряй новые вершины в Компании К Телеком!
Открывай новые возможности и развивайся в успешной команде!";К Телеком;SuperJob
Системный администратор Linux;Владимир;https://vladimir.superjob.ru/vakansii/sistemnyj-administrator-linux-47120439.html;0;69000;RUR;"Обязанности:
• Инсталляция, настройка и администрирование серверов под управлением Linux/FreeBSD, а также дополнительного серверного ПО;
• Мониторинг работы программного и аппаратного обеспечения и оперативное реагирование (24X7) при возникновении сбоев;
• Написание/корректирование скриптов автоматизации;
• Поиск узких мест в производительности систем;
• Взаимодействие с технической поддержкой интернет-провайдера, разработчиками и менеджерами.
Требования:
• Высшее образование;
• Опыт настройки и администрирования серверов Linux/FreeBSD от 3-х лет;
• Опыт работы с веб и DNS-серверами Apache, Nginx, BIND;
• Опыт конфигурирования и администрирования MySQL серверов;
• Опыт написание скриптов shell/python/php/perl;
• Усидчивость, внимательность, самостоятельность;
• Умение работать в команде;
• Умение вести документацию.
• 
ПРИВЕТСТВУЕТСЯ:
 
• Знание систем виртуализации OpenVZ, KVM (ProxMox);
• Опыт работы с системой контроля версий GIT;
• Опыт работы с фреймворком Laravel.
Условия:
• Оформление по трудовому законодательству РФ;
• Пятидневная рабочая неделя(пятница сокращенный рабочий день);
• Комфортабельный офис, дружный коллектив.";"Обязанности:
• Инсталляция, настройка и администрирование серверов под управлением Linux/FreeBSD, а также дополнительного серверного ПО;
• Мониторинг работы программного и аппаратного обеспечения и оперативное реагирование (24X7) при возникновении сбоев;
• Написание/корректирование скриптов автоматизации;
• Поиск узких мест в производительности систем;
• Взаимодействие с технической поддержкой интернет-провайдера, разработчиками и менеджерами.
Требования:
• Высшее образование;
• Опыт настройки и администрирования серверов Linux/FreeBSD от 3-х лет;
• Опыт работы с веб и DNS-серверами Apache, Nginx, BIND;
• Опыт конфигурирования и администрирования MySQL серверов;
• Опыт написание скриптов shell/python/php/perl;
• Усидчивость, внимательность, самостоятельность;
• Умение работать в команде;
• Умение вести документацию.
• 
ПРИВЕТСТВУЕТСЯ:
 
• Знание систем виртуализации OpenVZ, KVM (ProxMox);
• Опыт работы с системой контроля версий GIT;
• Опыт работы с фреймворком Laravel.
Условия:
• Оформление по трудовому законодательству РФ;
• Пятидневная рабочая неделя(пятница сокращенный рабочий день);
• Комфортабельный офис, дружный коллектив.";ВЛС;SuperJob
Junior/Middle разработчик (PHP);Москва;https://www.superjob.ru/vakansii/junior-47152220.html;80000;0;RUR;"Обязанности:
• развитие крупного e-commerce проекта со сложной структурой;
• разработка и улучшение системы электронного документооборота;
• проекты на стыке веб-разработки и интернет-маркетинга.
Требования:
• Примеры задач, с которыми нужно будет работать:
• Разрабатывать и дорабатывать сайты на PHP
• Использовать технологии PHP / JS / HTML / CSS и осваивать новые
• Выявлять ошибки логики, баги и устранять их
• Участвовать в разработке архитектурных решений сложных проектов
• Участвовать в анализе, проектировании и оценке технических решений вместе с командой
• Потребуются следующие навыки:
• знание PHP, в том числе PHP7/8 и понимание ООП
• знание HTML и CSS
• знание bootstrap и навыки кроссбраузерной верстки
• следование принципам PSR
• Преимуществом будет:
• опыт работы с MVC фреймворками, JQuery
• опыт работы с MySQL на продвинутом уровне (сложные запросы, оптимизация запросов)
• опыт взаимодействия с 1С
• опыт работы с CRM, системами оплаты и системами доставки
• опыт написания и поддержки веб-сервисов, дизайна API
• опыт командной работы
• опыт работы с git и Docker
• Python (при достаточной вовлеченности сможем смигрировать проекты на Flask/Django)
Условия:
• График работы 5/2 c 09:00 до 18:00
• Компания занимает высокое место на рынке, и мы на 100% гарантируем всем сотрудникам стабильность, карьерный рост и достойную заработную плату строго в срок, без задержек, «завтраков» и прочего. Комфорт сотрудников, радость, стабильность и отсутствие ""текучки"" кадров — в приоритете у компании.
• Сфера деятельности — продажа/доставка товаров народного потребления.
• Нашим сотрудникам мы предоставляем отпуска, больничные и оформление согласно ТК РФ, а также проводим обучение и тренинги — это ведёт к профессиональному и личностному развитию всех членов нашей команды.
• Мы всегда рады видеть в нашем коллективе новых сотрудников, имеющих желание работать и зарабатывать больше, чем указано в вакансии, и стремление развиваться.
• Отношение директора компании к каждому члену нашей команды основано на честности и поддержке в любой жизненной ситуации. В связи с этим, потенциальный сотрудник должен обладать аналогичными качествами.
• Директор, понимая, что любой сотрудник имеет ежемесячные расходы (аренда квартиры, помощь близким, оплата детского садика, кредиты и т. д.) делает всегда и все, чтобы заработная плата выплачивалась всегда и только вовремя, независимо от ситуации в стране и кризисов — многолетняя практика это подтверждает.
• Мы заинтересованы в долговременном сотрудничестве, ждем Вас в нашу команду открытых, трудолюбивых и честных людей! Если Вы являетесь таким же человеком, то Вас без сомнения ждет быстрый карьерный рост (90% руководителей в компании начинали карьеру с линейных позиций).";"Обязанности:
• развитие крупного e-commerce проекта со сложной структурой;
• разработка и улучшение системы электронного документооборота;
• проекты на стыке веб-разработки и интернет-маркетинга.
Требования:
• Примеры задач, с которыми нужно будет работать:
• Разрабатывать и дорабатывать сайты на PHP
• Использовать технологии PHP / JS / HTML / CSS и осваивать новые
• Выявлять ошибки логики, баги и устранять их
• Участвовать в разработке архитектурных решений сложных проектов
• Участвовать в анализе, проектировании и оценке технических решений вместе с командой
• Потребуются следующие навыки:
• знание PHP, в том числе PHP7/8 и понимание ООП
• знание HTML и CSS
• знание bootstrap и навыки кроссбраузерной верстки
• следование принципам PSR
• Преимуществом будет:
• опыт работы с MVC фреймворками, JQuery
• опыт работы с MySQL на продвинутом уровне (сложные запросы, оптимизация запросов)
• опыт взаимодействия с 1С
• опыт работы с CRM, системами оплаты и системами доставки
• опыт написания и поддержки веб-сервисов, дизайна API
• опыт командной работы
• опыт работы с git и Docker
• Python (при достаточной вовлеченности сможем смигрировать проекты на Flask/Django)
Условия:
• График работы 5/2 c 09:00 до 18:00
• Компания занимает высокое место на рынке, и мы на 100% гарантируем всем сотрудникам стабильность, карьерный рост и достойную заработную плату строго в срок, без задержек, «завтраков» и прочего. Комфорт сотрудников, радость, стабильность и отсутствие ""текучки"" кадров — в приоритете у компании.
• Сфера деятельности — продажа/доставка товаров народного потребления.
• Нашим сотрудникам мы предоставляем отпуска, больничные и оформление согласно ТК РФ, а также проводим обучение и тренинги — это ведёт к профессиональному и личностному развитию всех членов нашей команды.
• Мы всегда рады видеть в нашем коллективе новых сотрудников, имеющих желание работать и зарабатывать больше, чем указано в вакансии, и стремление развиваться.
• Отношение директора компании к каждому члену нашей команды основано на честности и поддержке в любой жизненной ситуации. В связи с этим, потенциальный сотрудник должен обладать аналогичными качествами.
• Директор, понимая, что любой сотрудник имеет ежемесячные расходы (аренда квартиры, помощь близким, оплата детского садика, кредиты и т. д.) делает всегда и все, чтобы заработная плата выплачивалась всегда и только вовремя, независимо от ситуации в стране и кризисов — многолетняя практика это подтверждает.
• Мы заинтересованы в долговременном сотрудничестве, ждем Вас в нашу команду открытых, трудолюбивых и честных людей! Если Вы являетесь таким же человеком, то Вас без сомнения ждет быстрый карьерный рост (90% руководителей в компании начинали карьеру с линейных позиций).";КАРКАС;SuperJob
Аналитик в отдел маркетинга;Санкт-Петербург;https://spb.superjob.ru/vakansii/analitik-v-otdel-marketinga-47156361.html;100000;130000;RUR;"Обязанности:
• Анализ и корректировка маркетинговой стратегии
• Проведение исследований
• Выявление ошибок в текущих рекламных активностях
• Анализ статистических данных
• Мониторинг и анализ эффективности рекламных компаний, рекламных активностей конкурентов
• Сбор данных и формирование отчётности, презентаций с выводами и предложениями
• Автоматизация отчётов
• Поддержка сквозной аналитики на базе Google Cloud
• Взаимодействие с другими отделами
Требования:
• Опыт работы аналитиком в отделе маркетинга от 2 лет
• Опыт работы в кроссфункциональных командах
• Понимание фундаментального маркетинга
• Продвинутые знания статистики 
• Уверенное использование Google Sheets, Google Analytics 4, Google Cloud, Google Big Query, Google Data Studio, Яндекс Метрика, Bitrix24, CDP
• Уверенное использование SQL и Python в работе 
• Кейсы по успешным гипотезам способствовавшим росту основных бизнес метрик
• Аналитический склад ума 
• Умение работать с большим объёмом информации
Условия:
• Полная занятость, 5/2 с 10-00 до 19-00 (можно двигать)
• Трудовой контракт по ТК РФ
• Испытательный срок 3 месяца
• Размер оклада от 100 000 до 130 000 рублей
• Премия по KPI
• Возможны повышения оплаты - по результатам performance review - раз в полгода
• 8 сессий с психологом в год за счёт компании
• Частичное покрытие стоимости обучения по ученическому договору";"Обязанности:
• Анализ и корректировка маркетинговой стратегии
• Проведение исследований
• Выявление ошибок в текущих рекламных активностях
• Анализ статистических данных
• Мониторинг и анализ эффективности рекламных компаний, рекламных активностей конкурентов
• Сбор данных и формирование отчётности, презентаций с выводами и предложениями
• Автоматизация отчётов
• Поддержка сквозной аналитики на базе Google Cloud
• Взаимодействие с другими отделами
Требования:
• Опыт работы аналитиком в отделе маркетинга от 2 лет
• Опыт работы в кроссфункциональных командах
• Понимание фундаментального маркетинга
• Продвинутые знания статистики 
• Уверенное использование Google Sheets, Google Analytics 4, Google Cloud, Google Big Query, Google Data Studio, Яндекс Метрика, Bitrix24, CDP
• Уверенное использование SQL и Python в работе 
• Кейсы по успешным гипотезам способствовавшим росту основных бизнес метрик
• Аналитический склад ума 
• Умение работать с большим объёмом информации
Условия:
• Полная занятость, 5/2 с 10-00 до 19-00 (можно двигать)
• Трудовой контракт по ТК РФ
• Испытательный срок 3 месяца
• Размер оклада от 100 000 до 130 000 рублей
• Премия по KPI
• Возможны повышения оплаты - по результатам performance review - раз в полгода
• 8 сессий с психологом в год за счёт компании
• Частичное покрытие стоимости обучения по ученическому договору";Частный рекрутер Елена Шалимова;SuperJob
Старший системный администратор;Красноярск;https://krasnoyarsk.superjob.ru/vakansii/starshij-sistemnyj-administrator-47175353.html;0;0;RUR;"Полюс Диджитал – бизнес-единица в группе одного из лидеров золотодобывающей отрасли мирового масштаба. Мы оказываем поддержку по IT-направлению 20 000 сотрудникам в 35-ти бизнес-единицах Группы Компаний «Полюс».
Ищем в команду старшего специалиста под следующие задачи:
• Выполнение запросов с соблюдением параметров уровня сервиса (Service Level Agreement, далее - SLA);
• Планирование и изменение в информационно-технической инфраструктуре;
• Обработка событий, поступающих от систем мониторинга;
• Выполнение аварийно-восстановительных работ;
• Решение задач уровня эксперта в своей зоне ответственности;
• Создание и актуализация планов восстановления информационных систем в зоне ответственности;
• Проведение регулярного тестирования планов восстановления информационных систем;
• Анализ состояния ИТ инфраструктуры в зоне ответственности.
Ит инфраструктура, входящая в зону ответственности:
• Системы управления конфигурациями серверов Windows Server и рабочих мест Windows;
• Системы управления конфигурациями серверов Linux;
• Системы антивирусной защитой серверов, систем хранения данных (СХД) и рабочих мест;
• Сетевое экранирование серверов и рабочих мест, встроенное в антивирусную защиту;
• Системы защиты электронной почты;
• Публикация приложений в Центре программного обеспечения;
• Публикация новых версий операционных систем (ОС) и обновлений ОС и ПО Microsoft.
Требования:
• Эксперт в одной или нескольких ИТ инфраструктурах, указанных в зоне ответственности.
• Опыт работы по обеспечению работоспособности серверной инфраструктуры от 2 лет с технологиями и решениями: Microsoft SCCM, Microsoft Endpoint Manager;
• Опыт работы с системами управления конфигурациями SaltStack, Ansible; Kaspersky Security Center (KSC); Kaspersky Endpoint Security (KES), Kaspersky Security for Virtualization (KSVLA), Kaspersky Security for Windows Server (KSfWS), Kaspersky Security for Microsoft Exchange Servers; Kaspersky Scan Engine;
• Желателен опыт работы с Kaspersky KICS, KSfMES, KATA, KEDR; серверные ОС Windows, Linux;
• Желателен опыт автоматизации задач PowerShell, Python.
Условия:
• Конкурентный уровень заработной платы (оклад + годовой бонус);
• Удаленный формат работы или комфортный офис (ортопедическая мебель, мягкие переговорные комнаты, оборудованная кофемашиной, чаем и посудой кухня и т.д.);
• Высокоразвитая корпоративная культура (здоровье, личностное развитие, самообразование, досуг);
• Поддержка сотрудника и семьи в различных жизненных ситуациях;
• Трудоустройство по ТК РФ, полис ДМС, компенсация проезда в отпуск, обеспечение питанием, корпоративная мобильная связь и т.д.
• График: 5/2, пятница - сокращенный рабочий день.";"Полюс Диджитал – бизнес-единица в группе одного из лидеров золотодобывающей отрасли мирового масштаба. Мы оказываем поддержку по IT-направлению 20 000 сотрудникам в 35-ти бизнес-единицах Группы Компаний «Полюс».
Ищем в команду старшего специалиста под следующие задачи:
• Выполнение запросов с соблюдением параметров уровня сервиса (Service Level Agreement, далее - SLA);
• Планирование и изменение в информационно-технической инфраструктуре;
• Обработка событий, поступающих от систем мониторинга;
• Выполнение аварийно-восстановительных работ;
• Решение задач уровня эксперта в своей зоне ответственности;
• Создание и актуализация планов восстановления информационных систем в зоне ответственности;
• Проведение регулярного тестирования планов восстановления информационных систем;
• Анализ состояния ИТ инфраструктуры в зоне ответственности.
Ит инфраструктура, входящая в зону ответственности:
• Системы управления конфигурациями серверов Windows Server и рабочих мест Windows;
• Системы управления конфигурациями серверов Linux;
• Системы антивирусной защитой серверов, систем хранения данных (СХД) и рабочих мест;
• Сетевое экранирование серверов и рабочих мест, встроенное в антивирусную защиту;
• Системы защиты электронной почты;
• Публикация приложений в Центре программного обеспечения;
• Публикация новых версий операционных систем (ОС) и обновлений ОС и ПО Microsoft.
Требования:
• Эксперт в одной или нескольких ИТ инфраструктурах, указанных в зоне ответственности.
• Опыт работы по обеспечению работоспособности серверной инфраструктуры от 2 лет с технологиями и решениями: Microsoft SCCM, Microsoft Endpoint Manager;
• Опыт работы с системами управления конфигурациями SaltStack, Ansible; Kaspersky Security Center (KSC); Kaspersky Endpoint Security (KES), Kaspersky Security for Virtualization (KSVLA), Kaspersky Security for Windows Server (KSfWS), Kaspersky Security for Microsoft Exchange Servers; Kaspersky Scan Engine;
• Желателен опыт работы с Kaspersky KICS, KSfMES, KATA, KEDR; серверные ОС Windows, Linux;
• Желателен опыт автоматизации задач PowerShell, Python.
Условия:
• Конкурентный уровень заработной платы (оклад + годовой бонус);
• Удаленный формат работы или комфортный офис (ортопедическая мебель, мягкие переговорные комнаты, оборудованная кофемашиной, чаем и посудой кухня и т.д.);
• Высокоразвитая корпоративная культура (здоровье, личностное развитие, самообразование, досуг);
• Поддержка сотрудника и семьи в различных жизненных ситуациях;
• Трудоустройство по ТК РФ, полис ДМС, компенсация проезда в отпуск, обеспечение питанием, корпоративная мобильная связь и т.д.
• График: 5/2, пятница - сокращенный рабочий день.";Группа Полюс;SuperJob
Ведущий специалист группы аналитики;Самара;https://samara.superjob.ru/vakansii/veduschij-specialist-gruppy-analitiki-47180114.html;0;0;RUR;"Обязанности:
• Анализ полноты и качества формируемой коммерческой отчетности филиалов Макрорегиона
• Развитие автоматизированных информационных систем в части коммерческого учета и связанных областей, с целью выстраивания понятной и удобной системы аналитики и отчетности в рамках Макрорегиона
• Оказание консультационной помощи Филиалам
• Подготовка и анализ периодической отчетности в установленные сроки.
Требования:
• Высшее образование
• Знание Excel (макросы - желательно)
• PowerPoint, 1С, Python (приветствуется)
• Работа с большими массивами данных
Условия:
• Почта России – надежный и ответственный работодатель
• Оклад 43500 рублей
• Полугодовая премия 75%
• Полная социальная защищенность (оплачиваемые отпуска, больничные, льготы от компаний-партнеров, полис ДМС)
• Официальное оформление с первого дня работы
• Корпоративная программа обучения для всех сотрудников
• Возможность карьерного роста и профессионального развития
• Страхование от несчастных случаев и болезней для сотрудников и детей
• Частичная компенсация путевок в санатории и детские лагеря
• Новогодние подарки для детей
• Корпоративная пенсионная программа
• Корпоративные спортивные мероприятия и секции
• Материальная помощь согласно условиями действующего коллективного договора
• График работы 5/2, выходные: суббота, воскресенье";"Обязанности:
• Анализ полноты и качества формируемой коммерческой отчетности филиалов Макрорегиона
• Развитие автоматизированных информационных систем в части коммерческого учета и связанных областей, с целью выстраивания понятной и удобной системы аналитики и отчетности в рамках Макрорегиона
• Оказание консультационной помощи Филиалам
• Подготовка и анализ периодической отчетности в установленные сроки.
Требования:
• Высшее образование
• Знание Excel (макросы - желательно)
• PowerPoint, 1С, Python (приветствуется)
• Работа с большими массивами данных
Условия:
• Почта России – надежный и ответственный работодатель
• Оклад 43500 рублей
• Полугодовая премия 75%
• Полная социальная защищенность (оплачиваемые отпуска, больничные, льготы от компаний-партнеров, полис ДМС)
• Официальное оформление с первого дня работы
• Корпоративная программа обучения для всех сотрудников
• Возможность карьерного роста и профессионального развития
• Страхование от несчастных случаев и болезней для сотрудников и детей
• Частичная компенсация путевок в санатории и детские лагеря
• Новогодние подарки для детей
• Корпоративная пенсионная программа
• Корпоративные спортивные мероприятия и секции
• Материальная помощь согласно условиями действующего коллективного договора
• График работы 5/2, выходные: суббота, воскресенье";Почта России;SuperJob
It специалист;Копейск;https://kopeysk.superjob.ru/vakansii/it-specialist-47316263.html;25000;35000;RUR;"Новоcибиpcкaя Академия дизайна и пpогpаммиpoвания в связи с расширением приглaшает на paбoту в г. Копейск преподaватeля кoмпьютерных курсoв.Подработка по воскресеньям
Трeбовaния:
- Имеешь знания и навыки:
ОС Windоws, пакет программ МS Оffiсе, Scratch, Python, РhоtоShор.
- Обязанности:
Проведение занятий (очное обучение) с детьми 9-17 лет в небольших группах
(7-8 человек).
- Условия:
Подработка.Совмещение. Работа по воскресеньям 9 часов и по субботам 3 часа.
Методическая программа обучения предоставляется.";"Новоcибиpcкaя Академия дизайна и пpогpаммиpoвания в связи с расширением приглaшает на paбoту в г. Копейск преподaватeля кoмпьютерных курсoв.Подработка по воскресеньям
Трeбовaния:
- Имеешь знания и навыки:
ОС Windоws, пакет программ МS Оffiсе, Scratch, Python, РhоtоShор.
- Обязанности:
Проведение занятий (очное обучение) с детьми 9-17 лет в небольших группах
(7-8 человек).
- Условия:
Подработка.Совмещение. Работа по воскресеньям 9 часов и по субботам 3 часа.
Методическая программа обучения предоставляется.";ЧУДО НАДИП;SuperJob
Программист на Python;Хабаровск;https://habarovsk.superjob.ru/vakansii/programmist-na-python-47416660.html;0;0;RUR;"Обязанности:
• Разработка программного решения на основе технического задания (распознавание аудио)

Требования:
• Уверенное владение языком программирования Python
Условия:
• Проектная работа
• Предоплата 50% на старте, 50% после сдачи проекта";"Обязанности:
• Разработка программного решения на основе технического задания (распознавание аудио)

Требования:
• Уверенное владение языком программирования Python
Условия:
• Проектная работа
• Предоплата 50% на старте, 50% после сдачи проекта";WEB Экспертиза;SuperJob
Программист;Москва;https://www.superjob.ru/vakansii/programmist-47446830.html;50000;50000;RUR;"Обязанности:
• 
Техническое сопровождение и развитие МИС, работа с пользователями, сопровождение WEB-порталов Института
 
WEB-разработка (бэкэнд-разработчик), работа по интеграции с внешними информационными системами, опыт в написании драйверов для оборудования (медицинские анализаторы)
Требования:
• высшее образование
• знание, умение, навыки: Python, SQL, HTML, XML 
• 
Личные качества:
 
Умение принимать самостоятельно решения
 
Целеустремленность
 
Ответственность
Условия:
• 5-ти дневная рабочая неделя с 9 до 17-30
• возможна работа без опыта";"Обязанности:
• 
Техническое сопровождение и развитие МИС, работа с пользователями, сопровождение WEB-порталов Института
 
WEB-разработка (бэкэнд-разработчик), работа по интеграции с внешними информационными системами, опыт в написании драйверов для оборудования (медицинские анализаторы)
Требования:
• высшее образование
• знание, умение, навыки: Python, SQL, HTML, XML 
• 
Личные качества:
 
Умение принимать самостоятельно решения
 
Целеустремленность
 
Ответственность
Условия:
• 5-ти дневная рабочая неделя с 9 до 17-30
• возможна работа без опыта";"ФГБУ ""ГНЦ Институт иммунологии"" ФМБА России";SuperJob
Ведущий инженер;Санкт-Петербург;https://spb.superjob.ru/vakansii/veduschij-inzhener-46009011.html;60000;0;RUR;"В отделе наукометрического анализа Санкт-Петербургского горного университета открыта вакансия ""Ведущий инженер""
Обязанности:
• умение работать в наукометрических базах данных (Scopus, Web of Science, РИНЦ и др.);
• осуществлять сбор, обработку, интерпретацию и оформление сводно-аналитической информации;
• подготовку презентационных материалов по вопросам, относящимся к публикационной деятельности. 
Требования:
• Высшее образование;
• Уверенное владение Word, Excel и Google документами;
• Приветствуем наличие опыта в области анализа данных (Python, R, Power Query);
• Активность, коммуникабельность, доброжелательность;
• Умение структурировать и выделять главное из большого объема информации;
• Навыки работы с документами, деловой переписки;
• Личные качества: ответственность, исполнительская дисциплина, коммуникабельность, обучаемость, умение работать в коллективе, стрессоустойчивость, умение работать в режиме многозадачности, доброжелательность. 
Условия:
• Трудоустройство в соответствии с ТК РФ;
• Заработная плата от 60 000 руб. (+ надбавка после прохождения испытательного срока);
• Испытательный срок 3 месяца;
• График работы: пятидневка, Пн.-Чт. с 8.30 до 17.15, Пт. с 8.30 до 16.15;";"В отделе наукометрического анализа Санкт-Петербургского горного университета открыта вакансия ""Ведущий инженер""
Обязанности:
• умение работать в наукометрических базах данных (Scopus, Web of Science, РИНЦ и др.);
• осуществлять сбор, обработку, интерпретацию и оформление сводно-аналитической информации;
• подготовку презентационных материалов по вопросам, относящимся к публикационной деятельности. 
Требования:
• Высшее образование;
• Уверенное владение Word, Excel и Google документами;
• Приветствуем наличие опыта в области анализа данных (Python, R, Power Query);
• Активность, коммуникабельность, доброжелательность;
• Умение структурировать и выделять главное из большого объема информации;
• Навыки работы с документами, деловой переписки;
• Личные качества: ответственность, исполнительская дисциплина, коммуникабельность, обучаемость, умение работать в коллективе, стрессоустойчивость, умение работать в режиме многозадачности, доброжелательность. 
Условия:
• Трудоустройство в соответствии с ТК РФ;
• Заработная плата от 60 000 руб. (+ надбавка после прохождения испытательного срока);
• Испытательный срок 3 месяца;
• График работы: пятидневка, Пн.-Чт. с 8.30 до 17.15, Пт. с 8.30 до 16.15;";Санкт-Петербургский горный университет;SuperJob
Дата-инженер / Data-engineer;Москва;https://www.superjob.ru/vakansii/data-inzhener-47011454.html;0;0;RUR;"В своей работе мы используем аналитическую базу данных ClickHouse, систему визуализации на базе Superset/Metabase и множество других инструментов для работы с Big Data. В команду ищем человека, который поможет нам развивать эту систему.

Чем придётся заниматься:
• Работать с DWH, проектировать схемы для хранения данных.
• Загружать данные из различных источников (как внутренних БД, так и внешних аналитических/маркетинговых платформ и т.д.) в DWH.
• Разрабатывать, поддерживать и оптимизировать витрины данных.
• Участвовать в организации CI/CD и мониторинга процессов обработки данных.
• Искать ошибки и аномалии в данных, управлять качеством данных, автоматизировать проверку качества данных.
Что ждём от вас:
• Уверенное знание SQL (аналитические функции, CTE, оптимизация запросов под Clickhouse и организация хранения данных в Clickhouse).
• Хорошее знание Python (основные типы данных, основы ООП, основы алгоритмизации и взаимодействия с API).
• Неудержимое желание обучаться и прокачиваться с нашей всевозможной поддержкой.
Будет плюсом опыт работы с:
• Большими объёмами данных.
• ClickHouse cluster.
• Linux, Docker, Jenkins/Airflow/Dagster.
• CDC в Clickhouse через Kafka+Debezium.
• Flask, SqlAlchemy.
Своему будущему коллеге мы предлагаем:
• Работу в одном из самых быстрорастущих рынков - HRTech.
• Высокую инженерную культуру.
• Непрерывное обучение и профессиональное развитие внутри компании.
• Возможность стать частью сплоченной команды, любящей свое дело.
• Регулярную обратную связь от наставников и руководителей.
• Официальную заработную плату.
• ДМС после прохождения испытательного срока.
• Современный офис в 10 минутах пешей прогулки от станций метро Пушкинская/Маяковская/Чеховская/Новослободская. 3D-тур: public.superjob.ru/3dtour/ 
• Спортивный уголок.
• Комфортную зону отдыха.
• Кофе-поинты с вкуснейшим кофе и вендинговым аппаратом.
• Оборудованное просторное место для питания.
• Оплату проезда общественным транспортом.";"В своей работе мы используем аналитическую базу данных ClickHouse, систему визуализации на базе Superset/Metabase и множество других инструментов для работы с Big Data. В команду ищем человека, который поможет нам развивать эту систему.

Чем придётся заниматься:
• Работать с DWH, проектировать схемы для хранения данных.
• Загружать данные из различных источников (как внутренних БД, так и внешних аналитических/маркетинговых платформ и т.д.) в DWH.
• Разрабатывать, поддерживать и оптимизировать витрины данных.
• Участвовать в организации CI/CD и мониторинга процессов обработки данных.
• Искать ошибки и аномалии в данных, управлять качеством данных, автоматизировать проверку качества данных.
Что ждём от вас:
• Уверенное знание SQL (аналитические функции, CTE, оптимизация запросов под Clickhouse и организация хранения данных в Clickhouse).
• Хорошее знание Python (основные типы данных, основы ООП, основы алгоритмизации и взаимодействия с API).
• Неудержимое желание обучаться и прокачиваться с нашей всевозможной поддержкой.
Будет плюсом опыт работы с:
• Большими объёмами данных.
• ClickHouse cluster.
• Linux, Docker, Jenkins/Airflow/Dagster.
• CDC в Clickhouse через Kafka+Debezium.
• Flask, SqlAlchemy.
Своему будущему коллеге мы предлагаем:
• Работу в одном из самых быстрорастущих рынков - HRTech.
• Высокую инженерную культуру.
• Непрерывное обучение и профессиональное развитие внутри компании.
• Возможность стать частью сплоченной команды, любящей свое дело.
• Регулярную обратную связь от наставников и руководителей.
• Официальную заработную плату.
• ДМС после прохождения испытательного срока.
• Современный офис в 10 минутах пешей прогулки от станций метро Пушкинская/Маяковская/Чеховская/Новослободская. 3D-тур: public.superjob.ru/3dtour/ 
• Спортивный уголок.
• Комфортную зону отдыха.
• Кофе-поинты с вкуснейшим кофе и вендинговым аппаратом.
• Оборудованное просторное место для питания.
• Оплату проезда общественным транспортом.";SuperJob;SuperJob
sadsadsa;asdsadsad;asdasdsad;0;1000;RUR;asdasd;asdasdas;asdasdas;manual_add
